0612345678;Jacques
0612345679;Michael
0612345679;Michael
0612345679;Michael
0612345679;Michael
0612345679;Michael
0612345679;Michael
0612345679;Michael
0612345679;Michael
0612345679;Michael
0612345679;Michael
0612345679;Michael
0612345679;Michael
0612345679;Michael
0612345679;Michael
0612345679;Michael
0612345679;Michael
0612345679;Michael
0612345679;Michael
0612345679;Michael
0612345679;Michael
0612345679;Michael
0612345679;Michael
0612345679;Michael
0612345679;Michael
0612345679;Michael
0612345679;Michael
0612345679;Michael
